{
  "cusum_change_points": [
    9,
    13,
    18,
    23,
    29,
    35,
    40,
    45,
    63,
    68,
    73,
    83,
    96,
    102,
    104,
    105,
    106,
    107,
    108,
    109,
    110,
    111,
    112,
    114,
    116,
    118,
    123,
    137,
    150,
    167,
    172,
    177,
    183,
    190,
    198,
    203,
    207,
    214
  ],
  "roc_alerts": [
    37,
    40,
    43,
    51,
    52,
    56,
    57,
    62,
    91,
    93,
    94,
    95,
    99,
    101,
    102,
    140,
    145,
    151,
    158,
    163,
    184,
    195,
    197,
    207,
    209
  ],
  "binseg_breakpoints": [
    99,
    120
  ],
  "binseg_n_segments": 3,
  "binseg_segment_means": [
    1.0372655809295979,
    0.5542816176792692,
    0.9834608730754458
  ]
}