{
  "lambda_2": {
    "mean": 0.21484792232513428,
    "ci_lo": 0.16013612747192382,
    "ci_hi": 0.27536813020706175
  },
  "spectral_gap": {
    "mean": 0.1936652660369873,
    "ci_lo": 0.121701180934906,
    "ci_hi": 0.2744059920310974
  },
  "spectral_radius": {
    "mean": 0.05281940698623657,
    "ci_lo": -0.0909390613436698,
    "ci_hi": 0.17550969123840332
  }
}