{
  "corr_0.2": {
    "min_corr": 0.2,
    "n_snapshots": 110,
    "scg_risk_stats": {
      "mean": 0.1474,
      "std": 0.1331
    },
    "horizons": {
      "h=1": {
        "scg": {
          "corr": -0.4571325781651319,
          "ci_lo": -0.5296272295000884,
          "ci_hi": -0.39870019201160806
        },
        "vol": {
          "corr": 0.6787558258418744,
          "ci_lo": 0.5443100156028083,
          "ci_hi": 0.7967934237585508
        },
        "lam2": {
          "corr": 0.4180351226138029,
          "ci_lo": 0.36546357196617285,
          "ci_hi": 0.49023478591766984
        },
        "gap": {
          "corr": -0.3296989665719176,
          "ci_lo": -0.3969659344897204,
          "ci_hi": -0.2679105475776504
        }
      },
      "h=2": {
        "scg": {
          "corr": -0.39864190692271134,
          "ci_lo": -0.4716697722363283,
          "ci_hi": -0.32661832874027097
        },
        "vol": {
          "corr": 0.5314050099638473,
          "ci_lo": 0.37874167604992787,
          "ci_hi": 0.667913161130248
        },
        "lam2": {
          "corr": 0.36871884367506413,
          "ci_lo": 0.30507494753289816,
          "ci_hi": 0.44367761810655676
        },
        "gap": {
          "corr": -0.30565682401899424,
          "ci_lo": -0.3757995763565018,
          "ci_hi": -0.24057590676158894
        }
      },
      "h=5": {
        "scg": {
          "corr": -0.21161573477305695,
          "ci_lo": -0.310600183440778,
          "ci_hi": -0.10398170136853098
        },
        "vol": {
          "corr": 0.26980024622779775,
          "ci_lo": 0.08916406503553552,
          "ci_hi": 0.4593720628002587
        },
        "lam2": {
          "corr": 0.2119082832328446,
          "ci_lo": 0.11515782647964591,
          "ci_hi": 0.3008955491477175
        },
        "gap": {
          "corr": -0.2294918586425033,
          "ci_lo": -0.30973073844633314,
          "ci_hi": -0.14871360970602263
        }
      },
      "h=10": {
        "scg": {
          "corr": -0.058309540990625866,
          "ci_lo": -0.17574055165512478,
          "ci_hi": 0.07422075607031502
        },
        "vol": {
          "corr": 0.2142913244336157,
          "ci_lo": 0.05920125081647056,
          "ci_hi": 0.36848933590718985
        },
        "lam2": {
          "corr": 0.05980914066633438,
          "ci_lo": -0.05381422156650865,
          "ci_hi": 0.15938522450211093
        },
        "gap": {
          "corr": -0.08999562577802117,
          "ci_lo": -0.16489597859096874,
          "ci_hi": -0.015621872487172672
        }
      }
    }
  },
  "corr_0.3": {
    "min_corr": 0.3,
    "n_snapshots": 110,
    "scg_risk_stats": {
      "mean": 0.1766,
      "std": 0.17
    },
    "horizons": {
      "h=1": {
        "scg": {
          "corr": -0.4569351728808812,
          "ci_lo": -0.5290989852984309,
          "ci_hi": -0.3946255596495577
        },
        "vol": {
          "corr": 0.678755863870054,
          "ci_lo": 0.5443099549869226,
          "ci_hi": 0.7967934711219344
        },
        "lam2": {
          "corr": 0.41859081969758,
          "ci_lo": 0.3629227197398324,
          "ci_hi": 0.48752978220047305
        },
        "gap": {
          "corr": -0.354282201682619,
          "ci_lo": -0.42526744743749845,
          "ci_hi": -0.2941064672781683
        }
      },
      "h=2": {
        "scg": {
          "corr": -0.3887684445764623,
          "ci_lo": -0.4683854409506738,
          "ci_hi": -0.30990775048420316
        },
        "vol": {
          "corr": 0.5314050533999363,
          "ci_lo": 0.37874156119516234,
          "ci_hi": 0.6679132001528288
        },
        "lam2": {
          "corr": 0.36174894993587525,
          "ci_lo": 0.2926981086837436,
          "ci_hi": 0.4368352758938869
        },
        "gap": {
          "corr": -0.3251933223297686,
          "ci_lo": -0.39978421970100364,
          "ci_hi": -0.2593440819006473
        }
      },
      "h=5": {
        "scg": {
          "corr": -0.18802262381309381,
          "ci_lo": -0.29208419420822335,
          "ci_hi": -0.07205271779311676
        },
        "vol": {
          "corr": 0.2698002606613639,
          "ci_lo": 0.08916413101627964,
          "ci_hi": 0.45937186320799667
        },
        "lam2": {
          "corr": 0.1983707102188179,
          "ci_lo": 0.09378083710581782,
          "ci_hi": 0.2926325173410144
        },
        "gap": {
          "corr": -0.22314961738145986,
          "ci_lo": -0.30856632631970266,
          "ci_hi": -0.13548839037412366
        }
      },
      "h=10": {
        "scg": {
          "corr": -0.05888066187780954,
          "ci_lo": -0.17626298601975793,
          "ci_hi": 0.07026161056782597
        },
        "vol": {
          "corr": 0.21429081086031054,
          "ci_lo": 0.05920107132770802,
          "ci_hi": 0.36848889574697585
        },
        "lam2": {
          "corr": 0.06569658308492134,
          "ci_lo": -0.040294725904850545,
          "ci_hi": 0.16353415176654015
        },
        "gap": {
          "corr": -0.07282063020463328,
          "ci_lo": -0.15123515554412306,
          "ci_hi": 0.009172280899891933
        }
      }
    }
  },
  "corr_0.4": {
    "min_corr": 0.4,
    "n_snapshots": 110,
    "scg_risk_stats": {
      "mean": 0.2662,
      "std": 0.2418
    },
    "horizons": {
      "h=1": {
        "scg": {
          "corr": -0.49812313507583134,
          "ci_lo": -0.5834052630794538,
          "ci_hi": -0.4125553333483545
        },
        "vol": {
          "corr": 0.6787558802193859,
          "ci_lo": 0.5443099566419665,
          "ci_hi": 0.7967934827727324
        },
        "lam2": {
          "corr": 0.47061172363591497,
          "ci_lo": 0.39833894809299863,
          "ci_hi": 0.5513311231083317
        },
        "gap": {
          "corr": -0.40928061114799885,
          "ci_lo": -0.49464806259239985,
          "ci_hi": -0.33014505147022555
        }
      },
      "h=2": {
        "scg": {
          "corr": -0.4097280661781,
          "ci_lo": -0.5060892582821166,
          "ci_hi": -0.3150066433480545
        },
        "vol": {
          "corr": 0.5314050779585447,
          "ci_lo": 0.3787416953316829,
          "ci_hi": 0.6679132422226047
        },
        "lam2": {
          "corr": 0.3983398598664081,
          "ci_lo": 0.3136161938658532,
          "ci_hi": 0.4825679094938439
        },
        "gap": {
          "corr": -0.34389968695600287,
          "ci_lo": -0.4325408991550971,
          "ci_hi": -0.25290853151798665
        }
      },
      "h=5": {
        "scg": {
          "corr": -0.16086243094452002,
          "ci_lo": -0.2813962929861896,
          "ci_hi": -0.03379123222583554
        },
        "vol": {
          "corr": 0.2698003675261,
          "ci_lo": 0.08916417607432102,
          "ci_hi": 0.4593721046628714
        },
        "lam2": {
          "corr": 0.1843347298140463,
          "ci_lo": 0.06837619113927988,
          "ci_hi": 0.2915317932345866
        },
        "gap": {
          "corr": -0.14101930718789973,
          "ci_lo": -0.25051246783310294,
          "ci_hi": -0.01183578757749262
        }
      },
      "h=10": {
        "scg": {
          "corr": -0.07982104892130544,
          "ci_lo": -0.21361902790495002,
          "ci_hi": 0.06717111641494938
        },
        "vol": {
          "corr": 0.21429120765987505,
          "ci_lo": 0.059201288766685414,
          "ci_hi": 0.36848925497050067
        },
        "lam2": {
          "corr": 0.0827470093246606,
          "ci_lo": -0.04517770649038196,
          "ci_hi": 0.19958801089155778
        },
        "gap": {
          "corr": -0.06857624047835821,
          "ci_lo": -0.1643551247283064,
          "ci_hi": 0.037897408423960506
        }
      }
    }
  },
  "corr_0.5": {
    "min_corr": 0.5,
    "n_snapshots": 110,
    "scg_risk_stats": {
      "mean": 0.373,
      "std": 0.2908
    },