{
  "train_r2": 0.6183,
  "test_r2": 0.58,
  "per_target": {
    "lambda_2": 0.770571768283844,
    "spectral_gap": 0.25231611728668213,
    "spectral_radius": 0.7170905470848083
  }
}