{
  "corr_0.2": {
    "min_corr": 0.2,
    "n_snapshots": 110,
    "scg_risk_stats": {
      "mean": 0.1862,
      "std": 0.142
    },
    "lambda_2_stats": {
      "mean": 0.9666,
      "std": 0.1229
    },
    "horizons": {
      "h=1": {
        "scg_risk": -0.40138694198337976,
        "volatility": 0.6654686824257005,
        "lambda_2": 0.3642424755178302,
        "spectral_gap": -0.30502928659687945
      },
      "h=2": {
        "scg_risk": -0.30057634091057767,
        "volatility": 0.5089580805214136,
        "lambda_2": 0.26605490429269824,
        "spectral_gap": -0.22512404195764918
      },
      "h=5": {
        "scg_risk": 0.059781989791353435,
        "volatility": 0.21009503401784468,
        "lambda_2": -0.10090262667606754,
        "spectral_gap": 0.12361309907723336
      },
      "h=10": {
        "scg_risk": 0.1236142035637844,
        "volatility": 0.1608311873479131,
        "lambda_2": -0.15596356944132655,
        "spectral_gap": 0.19140946278057863
      }
    }
  },
  "corr_0.3": {
    "min_corr": 0.3,
    "n_snapshots": 110,
    "scg_risk_stats": {
      "mean": 0.239,
      "std": 0.1826
    },
    "lambda_2_stats": {
      "mean": 0.9209,
      "std": 0.162
    },
    "horizons": {
      "h=1": {
        "scg_risk": -0.4267840513599475,
        "volatility": 0.6654688430920128,
        "lambda_2": 0.3973195640013859,
        "spectral_gap": -0.3211097493368958
      },
      "h=2": {
        "scg_risk": -0.3122937835326468,
        "volatility": 0.5089582947924632,
        "lambda_2": 0.2862724938444756,
        "spectral_gap": -0.21349032647229885
      },
      "h=5": {
        "scg_risk": 0.054175481299800876,
        "volatility": 0.21009520687672925,
        "lambda_2": -0.08628160658663787,
        "spectral_gap": 0.17385099159234016
      },
      "h=10": {
        "scg_risk": 0.11040914571203184,
        "volatility": 0.16083165123561438,
        "lambda_2": -0.1430290879967258,
        "spectral_gap": 0.13293843983572187
      }
    }
  },
  "corr_0.4": {
    "min_corr": 0.4,
    "n_snapshots": 110,
    "scg_risk_stats": {
      "mean": 0.3407,
      "std": 0.2455
    },
    "lambda_2_stats": {
      "mean": 0.8295,
      "std": 0.2362
    },
    "horizons": {
      "h=1": {
        "scg_risk": -0.46225282565787695,
        "volatility": 0.665468784161923,
        "lambda_2": 0.4230757086161224,
        "spectral_gap": -0.41569733238701206
      },
      "h=2": {
        "scg_risk": -0.34004067039902897,
        "volatility": 0.5089582055384865,
        "lambda_2": 0.30938002560242717,
        "spectral_gap": -0.3145198360204471
      },
      "h=5": {
        "scg_risk": 0.045644028719022046,
        "volatility": 0.2100948888571768,
        "lambda_2": -0.08043624249468542,
        "spectral_gap": 0.058888762624453916
      },
      "h=10": {
        "scg_risk": 0.07262806194591868,
        "volatility": 0.16083102219150094,
        "lambda_2": -0.10970068071321927,
        "spectral_gap": 0.1794627977368536
      }
    }
  },
  "corr_0.5": {
    "min_corr": 0.5,
    "n_snapshots": 110,
    "scg_risk_stats": {
      "mean": 0.4809,
      "std": 0.2898
    },
    "lambda_2_stats": {
      "mean": 0.6828,
      "std": 0.3158
    },
    "horizons": {
      "h=1": {
        "scg_risk": -0.4908275885894231,
        "volatility": 0.6654687460401868,
        "lambda_2": 0.4612025084527756,
        "spectral_gap": -0.4165779978804078
      },
      "h=2": {
        "scg_risk": -0.3673897252757571,
        "volatility": 0.508958167303095,
        "lambda_2": 0.3523305804171645,
        "spectral_gap": -0.32373153425514567
      },
      "h=5": {
        "scg_risk": -0.01655705271255351,
        "volatility": 0.21009506547912807,
        "lambda_2": 0.004836713105406075,
        "spectral_gap": 0.0038450494240402605
      },
      "h=10": {
        "scg_risk": 0.05158533350067933,
        "volatility": 0.16083122548235543,
        "lambda_2": -0.08252500564674498,
        "spectral_gap": 0.14595647332597053
      }
    }
  }
}